model,feature,level,weight
followon,intercept,all,0.8580
followon,duration,1_2,0.0000
followon,duration,2_3,-0.5238
followon,duration,3_5,-0.9056
followon,duration,5up,-1.1967
followon,duration,lt1,0.3033
followon,pricing,cost,0.5056
followon,pricing,fixed,0.0000
followon,pricing,lh_tm,0.2901
followon,size,10_30m,0.0745
followon,size,1_10m,0.0000
followon,size,30mup,-0.1731
followon,size,lt1m,-0.2664
followon,vehicle,bpa,0.3234
followon,vehicle,order,0.0000
followon,vehicle,standalone,-0.3984
retention,intercept,all,-2.7579
retention,duration,1_2,0.0000
retention,duration,2up,-0.8305
retention,duration,lt1,0.0660
retention,rivals,0_1,2.3261
retention,rivals,16up,0.0000
retention,rivals,2_3,1.2684
retention,rivals,4_7,0.6729
retention,rivals,8_15,0.3407
retention,share,15_30,0.2739
retention,share,30_50,0.5769
retention,share,50_80,0.6027
retention,share,80up,0.8472
retention,share,lt15,0.0000
retention,sole_source,no,0.0000
retention,sole_source,yes,1.4407
retention,tenure,0,0.0000
retention,tenure,1,0.5320
retention,tenure,2_3,0.8504
retention,tenure,4up,1.2162
retention,vehicle,bpa,0.5801
retention,vehicle,order,0.0000
retention,vehicle,standalone,-1.4051
